Suburb,Address,PropertyType,Bedrooms,Bathrooms,CarSpaces,LandSize_m2,SaleDate,SoldPrice_AUD,SourceURL
Dandenong,"1-4/7 Macpherson Street, Dandenong, Vic 3175",House,8,4,4,896,2025-09-22,"$1,585,000.00 ",https://www.realestate.com.au/sold/property-house-vic-dandenong-148901752
Dandenong,"22 Hutton Street, Dandenong, Vic 3175",House,4,2,1,632,2025-09-17,"$765,000.00 ",https://www.realestate.com.au/sold/property-house-vic-dandenong-148974056
Dandenong,"48 Jones Road, Dandenong, Vic 3175",House,3,1,2,952,2025-09-15,"$985,000.00 ",https://www.realestate.com.au/sold/property-house-vic-dandenong-148606584
Dandenong,"17 Rodwell Street, Dandenong, Vic 3175",House,4,2,4,645,2025-09-09,"$900,000.00 ",https://www.realestate.com.au/sold/property-house-vic-dandenong-148653888
Dandenong,"12 De Villers Drive, Dandenong, Vic 3175",House,4,2,2,600,2025-09-02,"$955,000.00 ",https://www.realestate.com.au/sold/property-house-vic-dandenong-148825264
Dandenong,"42 Steven Street, Dandenong, Vic 3175",House,3,2,1,235,2025-09-02,"$670,000.00 ",https://www.realestate.com.au/sold/property-house-vic-dandenong-148840308
Dandenong,"2 Purdy Avenue, Dandenong, Vic 3175",House,3,1,2,726,2025-08-31,"$828,000.00 ",https://www.realestate.com.au/sold/property-house-vic-dandenong-147596712
Dandenong,"13 Herbert St, Dandenong, Vic 3175",House,3,1,4,567,2025-08-30,"$713,500.00 ",https://www.realestate.com.au/sold/property-house-vic-dandenong-148631848
Dandenong,"3 Janice Grove, Dandenong, Vic 3175",House,2,1,4,591,2025-08-28,"$690,000.00 ",https://www.realestate.com.au/sold/property-house-vic-dandenong-148706280
Dandenong,"37 King George Parade, Dandenong, Vic 3175",House,3,1,2,602,2025-08-23,"$750,000.00 ",https://www.realestate.com.au/sold/property-house-vic-dandenong-148641284
Dandenong,"15 Falkiner Crescent, Dandenong, Vic 3175",House,4,2,2,532,2025-08-18,"$1,000,000.00 ",https://www.realestate.com.au/sold/property-house-vic-dandenong-148712648
Dandenong,"14 Dedina Walk, Dandenong, Vic 3175",House,3,2,2,366,2025-08-18,"$750,000.00 ",https://www.realestate.com.au/sold/property-house-vic-dandenong-148580092
Dandenong,"9 Everitt Street, Dandenong, Vic 3175",House,4,2,2,305,2025-07-24,"$786,000.00 ",https://www.realestate.com.au/sold/property-house-vic-dandenong-147907908
Dandenong,"36 Alexander Avenue, Dandenong, Vic 3175",House,6,2,3,604,2025-08-13,"$820,000.00 ",https://www.realestate.com.au/sold/property-house-vic-dandenong-148217400
Dandenong,"13 Lexton Avenue, Dandenong, Vic 3175",House,4,1,2,604,2025-08-13,"$703,000.00 ",https://www.realestate.com.au/sold/property-house-vic-dandenong-148433100
Dandenong,"54 Steven Street, Dandenong, Vic 3175",House,3,2,3,231,2025-08-12,"$715,000.00 ",https://www.realestate.com.au/sold/property-house-vic-dandenong-148871780
Dandenong,"20 Keating Crescent, Dandenong, Vic 3175",House,3,1,6,530,2025-08-07,"$811,000.00 ",https://www.realestate.com.au/sold/property-house-vic-dandenong-148467980
Dandenong,"36 Lexton Avenue, Dandenong, Vic 3175",House,4,1,2,806,2025-08-07,"$680,000.00 ",https://www.realestate.com.au/sold/property-house-vic-dandenong-147291860
Dandenong,"17 Wanke Crescent, Dandenong, Vic 3175",House,3,1,4,654,2025-07-31,"$715,000.00 ",https://www.realestate.com.au/sold/property-house-vic-dandenong-147573268
Dandenong,"82 Princes Highway, Dandenong, Vic 3175",House,3,1,1,738,2025-07-29,"$850,000.00 ",https://www.realestate.com.au/sold/property-house-vic-dandenong-148293652
Dandenong,"7 Lockington Crescent, Dandenong, Vic 3175",House,4,2,2,381,2025-07-25,"$805,000.00 ",https://www.realestate.com.au/sold/property-house-vic-dandenong-148472620
Dandenong,"1/11 Jones Road, Dandenong, Vic 3175",House,3,1,1,471,2025-07-23,"$507,000.00 ",https://www.realestate.com.au/sold/property-house-vic-dandenong-148421436
Dandenong,"69 King George Parade, Dandenong, Vic 3175",House,3,1,2,682,2025-07-22,"$650,000.00 ",https://www.realestate.com.au/sold/property-house-vic-dandenong-147077788
Dandenong,"51 Cleeland Street, Dandenong, Vic 3175",House,3,2,2,585,2024-09-07,"$860,000.00 ",https://www.realestate.com.au/sold/property-house-vic-dandenong-148712648
Dandenong,"4 Shrives Road, Dandenong, Vic 3175",House,3,1,3,578,2024-09-14,"$825,000.00 ",https://www.realestate.com.au/sold/property-house-vic-dandenong-148580092
Dandenong,"15 Cashmore Road, Dandenong, Vic 3175",House,3,1,2,531,2024-08-20,"$690,000.00 ",https://www.realestate.com.au/sold/property-house-vic-dandenong-148772000
Dandenong,"20 Boyton Close, Dandenong, Vic 3175",House,4,2,3,544,2024-08-09,"$915,000.00 ",https://www.realestate.com.au/sold/property-house-vic-dandenong-148217400
Dandenong,"31 Neville Street, Dandenong, Vic 3175",House,3,1,1,528,2024-07-22,"$780,000.00 ",https://www.realestate.com.au/sold/property-house-vic-dandenong-148433100
Dandenong,"48 Ross Street, Dandenong, Vic 3175",House,4,2,4,646,2024-07-19,"$920,000.00 ",https://www.realestate.com.au/sold/property-house-vic-dandenong-148871780
Dandenong,"26 De Villiers Drive, Dandenong, Vic 3175",House,4,2,6,619,2025-07-08,"$860,000.00 ",https://www.realestate.com.au/sold/property-house-vic-dandenong-148300448
Dandenong,"20 Raymond Street, Dandenong, Vic 3175",House,6,4,6,607,2025-07-05,"$1,660,000.00 ",https://www.realestate.com.au/sold/property-house-vic-dandenong-147484460
Dandenong,"22 Grace Avenue, Dandenong, Vic 3175",House,3,1,6,811,2025-07-05,"$855,000.00 ",https://www.realestate.com.au/sold/property-house-vic-dandenong-148237336
Dandenong,"82 Ann Street, Dandenong, Vic 3175",House,5,1,2,697,2025-07-03,"$1,075,000.00 ",https://www.realestate.com.au/sold/property-house-vic-dandenong-147906032
Dandenong,"11-13 Jesson Crescent, Dandenong, Vic 3175",House,5,2,2,893,2025-06-30,"$1,000,000.00 ",https://www.realestate.com.au/sold/property-house-vic-dandenong-147636916
Dandenong,"37 Keshava Grove, Dandenong, Vic 3175",House,3,2,1,350,2025-06-26,"$755,000.00 ",https://www.realestate.com.au/sold/property-house-vic-dandenong-147674776
Dandenong,"7 William Avenue, Dandenong, Vic 3175",House,5,3,4,860,2025-06-25,"$1,700,000.00 ",https://www.realestate.com.au/sold/property-house-vic-dandenong-147545780
Dandenong,"18 Oswald Street, Dandenong, Vic 3175",House,2,1,1,584,2025-06-25,"$695,000.00 ",https://www.realestate.com.au/sold/property-house-vic-dandenong-148150480
Dandenong,"40 Railway Parade, Dandenong, Vic 3175",House,4,2,6,421,2025-06-21,"$812,000.00 ",https://www.realestate.com.au/sold/property-house-vic-dandenong-148121264
Dandenong,"20 Keating Crescent, Dandenong, Vic 3175",House,3,1,6,530,2025-08-07,"$811,000.00 ",https://www.realestate.com.au/sold/property-house-vic-dandenong-148467980
Dandenong,"36 Lexton Avenue, Dandenong, Vic 3175",House,4,1,2,806,2025-08-07,"$680,000.00 ",https://www.realestate.com.au/sold/property-house-vic-dandenong-147291860
Dandenong,"17 Wanke Crescent, Dandenong, Vic 3175",House,3,1,4,654,2025-07-31,"$715,000.00 ",https://www.realestate.com.au/sold/property-house-vic-dandenong-147573268
Dandenong,"82 Princes Highway, Dandenong, Vic 3175",House,3,1,1,738,2025-07-29,"$850,000.00 ",https://www.realestate.com.au/sold/property-house-vic-dandenong-148293652
Dandenong,"7 Lockington Crescent, Dandenong, Vic 3175",House,4,2,2,381,2025-07-25,"$805,000.00 ",https://www.realestate.com.au/sold/property-house-vic-dandenong-148472620
Dandenong,"1/103 Ann Street, Dandenong, Vic 3175",Townhouse,4,3,2,272,2025-09-22,"$872,000.00 ",https://www.realestate.com.au/sold/property-townhouse-vic-dandenong-148754576
Dandenong,"1/31 Macpherson Street, Dandenong, Vic 3175",Townhouse,2,1,1,1103,2025-09-19,"$640,000.00 ",https://www.realestate.com.au/sold/property-townhouse-vic-dandenong-149091136
Dandenong,"4/31 Macpherson Street, Dandenong, Vic 3175",Townhouse,2,1,1,1103,2025-09-16,"$590,000.00 ",https://www.realestate.com.au/sold/property-townhouse-vic-dandenong-149055184
Dandenong,"1/55-57 Hammond Road, Dandenong, Vic 3175",Townhouse,3,2,2,216,2025-09-15,"$650,000.00 ",https://www.realestate.com.au/sold/property-townhouse-vic-dandenong-148303624
Dandenong,"25A Hutton Street, Dandenong, Vic 3175",Townhouse,3,2,1,1240,2025-09-12,"$630,000.00 ",https://www.realestate.com.au/sold/property-townhouse-vic-dandenong-149082584
Dandenong,"6/60 Cheltenham Road, Dandenong, Vic 3175",Townhouse,3,3,2,110,2025-09-08,"$635,000.00 ",https://www.realestate.com.au/sold/property-townhouse-vic-dandenong-148844412
Dandenong,"3/6 Janice Grove, Dandenong, Vic 3175",Townhouse,3,2,2,218,2025-09-04,"$760,000.00 ",https://www.realestate.com.au/sold/property-townhouse-vic-dandenong-148269940
Dandenong,"29/57 Clow Street, Dandenong, Vic 3175",Townhouse,3,1,1,67,2025-09-04,"$320,000.00 ",https://www.realestate.com.au/sold/property-townhouse-vic-dandenong-147973920
Dandenong,"1/120 McCrae Street, Dandenong, Vic 3175",Townhouse,3,2,2,192,2025-09-01,"$660,000.00 ",https://www.realestate.com.au/sold/property-townhouse-vic-dandenong-147027916
Dandenong,"6/16 Macpherson Street, Dandenong, Vic 3175",Townhouse,4,2,2,156,2025-09-01,"$630,000.00 ",https://www.realestate.com.au/sold/property-townhouse-vic-dandenong-148696636
Dandenong,"5/40 Power Street, Dandenong, Vic 3175",Townhouse,2,3,1,1260,2025-08-31,"$565,000.00 ",https://www.realestate.com.au/sold/property-townhouse-vic-dandenong-148736616
Dandenong,"138 Keneally Street, Dandenong, Vic 3175",Townhouse,3,3,2,98,2025-08-29,"$673,000.00 ",https://www.realestate.com.au/sold/property-townhouse-vic-dandenong-148797112
Dandenong,"1/29 Pickett Street, Dandenong, Vic 3175",Townhouse,2,2,1,508,2025-08-28,"$580,000.00 ",https://www.realestate.com.au/sold/property-townhouse-vic-dandenong-145546152
Dandenong,"4/19 - 27 Connell Lane, Dandenong, Vic 3175",Townhouse,2,1,1,704,2025-08-25,"$390,000.00 ",https://www.realestate.com.au/sold/property-townhouse-vic-dandenong-148446540
Dandenong,"1/49 James Street, Dandenong, Vic 3175",Townhouse,4,3,2,736,2025-08-19,"$700,000.00 ",https://www.realestate.com.au/sold/property-townhouse-vic-dandenong-148117308
Dandenong,"17 Everitt Street, Dandenong, Vic 3175",Townhouse,4,2,2,262,2025-08-18,"$705,000.00 ",https://www.realestate.com.au/sold/property-townhouse-vic-dandenong-148746552
Seaford,"1A Riversdale Avenue, Seaford, Vic 3198",Townhouse,3,2,2,613,2025-09-06,"$710,000.00 ",https://www.realestate.com.au/sold/property-townhouse-vic-seaford-148737832
Seaford,"3/68 Nepean Highway, Seaford, Vic 3198",Townhouse,4,4,2,1818,2025-09-05,"$1,170,000.00 ",https://www.realestate.com.au/sold/property-townhouse-vic-seaford-148417764
Seaford,"3/374 Frankston-Dandenong Road, Seaford, Vic 3198",Townhouse,3,2,2,722,2025-08-23,"$660,000.00 ",https://www.realestate.com.au/sold/property-townhouse-vic-seaford-148640572
Seaford,"18B McKenzie Street, Seaford, Vic 3198",Townhouse,3,2,2,324,2025-08-22,"$1,200,000.00 ",https://www.realestate.com.au/sold/property-townhouse-vic-seaford-148698016
Seaford,"2/74B Centenary Street, Seaford, Vic 3198",Townhouse,2,1,2,159,2025-08-18,"$642,000.00 ",https://www.realestate.com.au/sold/property-townhouse-vic-seaford-148282560
Seaford,"7/200-203 Nepean Highway, Seaford, Vic 3198",Townhouse,3,2,2,360,2025-08-12,"$780,000.00 ",https://www.realestate.com.au/sold/property-townhouse-vic-seaford-148547028
Seaford,"3/3 Lorna Street, Seaford, Vic 3198",Townhouse,3,2,2,697,2025-08-09,"$720,000.00 ",https://www.realestate.com.au/sold/property-townhouse-vic-seaford-148502300
Seaford,"2A McKenzie Street, Seaford, Vic 3198",Townhouse,3,3,1,359,2025-08-05,"$950,000.00 ",https://www.realestate.com.au/sold/property-townhouse-vic-seaford-148841012
Seaford,"2/274 Nepean Highway, Seaford, Vic 3198",Townhouse,2,1,1,2155,2025-07-30,"$530,000.00 ",https://www.realestate.com.au/sold/property-townhouse-vic-seaford-148359912
Seaford,"2/2C Bellevue Crescent, Seaford, Vic 3198",Townhouse,2,1,1,314,2025-07-24,"$642,000.00 ",https://www.realestate.com.au/sold/property-townhouse-vic-seaford-148479452
Seaford,"2/112 Austin Road, Seaford, Vic 3198",Townhouse,3,2,2,200,2025-07-23,"$770,000.00 ",https://www.realestate.com.au/sold/property-townhouse-vic-seaford-147828440
Seaford,"7B Rosslyn Avenue, Seaford, Vic 3198",Townhouse,5,3,2,766,2025-07-18,"$1,195,000.00 ",https://www.realestate.com.au/sold/property-townhouse-vic-seaford-147623876
Seaford,"35/99-101 Nepean Highway, Seaford, Vic 3198",Townhouse,2,1,1,115,2025-07-14,"$570,000.00 ",https://www.realestate.com.au/sold/property-townhouse-vic-seaford-147115176
Seaford,"131A Fortescue Avenue, Seaford, Vic 3198",Townhouse,4,4,2,383,2025-07-10,"$1,130,000.00 ",https://www.realestate.com.au/sold/property-townhouse-vic-seaford-147824596
Seaford,"1/1 Riviera Street, Seaford, Vic 3198",Townhouse,3,2,1,117,2025-07-10,"$792,000.00 ",https://www.realestate.com.au/sold/property-townhouse-vic-seaford-148309016
Seaford,"37 Park Street, Seaford, Vic 3198",House,3,1,0,633,2025-09-16,"$810,000.00 ",https://www.realestate.com.au/sold/property-house-vic-seaford-148934188
Seaford,"7 Rossiter Court, Seaford, Vic 3198",House,3,2,2,758,2025-09-13,"$960,500.00 ",https://www.realestate.com.au/sold/property-house-vic-seaford-148796716
Seaford,"31 Levuka Street, Seaford, Vic 3198",House,2,1,1,666,2025-09-13,"$790,000.00 ",https://www.realestate.com.au/sold/property-house-vic-seaford-148821028
Seaford,"65 Milroy Crescent, Seaford, Vic 3198",House,3,2,2,530,2025-09-10,"$1,175,000.00 ",https://www.realestate.com.au/sold/property-house-vic-seaford-148799712
Seaford,"2/28 Robinsons Road, Seaford, Vic 3198",House,3,2,2,226,2025-09-09,"$955,000.00 ",https://www.realestate.com.au/sold/property-house-vic-seaford-148848384
Seaford,"23 Seacrest Avenue, Seaford, Vic 3198",House,4,2,2,664,2025-09-06,"$1,215,000.00 ",https://www.realestate.com.au/sold/property-house-vic-seaford-148769232
Seaford,"33 Milroy Crescent, Seaford, Vic 3198",House,3,2,2,537,2025-09-06,"$942,000.00 ",https://www.realestate.com.au/sold/property-house-vic-seaford-148736552
Seaford,"58 Nabilla Avenue, Seaford, Vic 3198",House,3,1,1,505,2025-09-06,"$941,000.00 ",https://www.realestate.com.au/sold/property-house-vic-seaford-149095800
Seaford,"7 Beach Grove, Seaford, Vic 3198",House,3,2,2,250,2025-09-06,"$910,000.00 ",https://www.realestate.com.au/sold/property-house-vic-seaford-148902400
Seaford,"9 Newton Street, Seaford, Vic 3198",House,3,1,1,664,2025-09-04,"$1,130,500.00 ",https://www.realestate.com.au/sold/property-house-vic-seaford-149079908
Seaford,"15 Harold Street, Seaford, Vic 3198",House,4,2,3,664,2025-09-01,"$1,250,000.00 ",https://www.realestate.com.au/sold/property-house-vic-seaford-148920328
Seaford,"13 Taldra Crescent, Seaford, Vic 3198",House,3,1,2,547,2025-08-26,"$870,000.00 ",https://www.realestate.com.au/sold/property-house-vic-seaford-148823720
Seaford,"12 Levuka Street, Seaford, Vic 3198",House,4,2,4,714,2025-08-21,"$837,000.00 ",https://www.realestate.com.au/sold/property-house-vic-seaford-148681648
Seaford,"31 Ti-Tree Crescent, Seaford, Vic 3198",House,3,2,1,523,2025-08-18,"$850,000.00 ",https://www.realestate.com.au/sold/property-house-vic-seaford-148821644
Seaford,"2 Moomba Avenue, Seaford, Vic 3198",House,3,1,2,655,2025-08-16,"$780,000.00 ",https://www.realestate.com.au/sold/property-house-vic-seaford-148887256
Seaford,"15 Bognor Avenue, Seaford, Vic 3198",House,3,1,2,534,2025-08-14,"$980,000.00 ",https://www.realestate.com.au/sold/property-house-vic-seaford-148658440
Seaford,"57 Hadley Street, Seaford, Vic 3198",House,3,1,2,696,2025-08-14,"$790,000.00 ",https://www.realestate.com.au/sold/property-house-vic-seaford-148716852
Seaford,"64 Centenary Street, Seaford, Vic 3198",House,3,1,5,697,2025-08-09,"$785,000.00 ",https://www.realestate.com.au/sold/property-house-vic-seaford-148541656
Seaford,"11 Newton Street, Seaford, Vic 3198",House,4,2,2,664,2025-08-04,"$1,220,000.00 ",https://www.realestate.com.au/sold/property-house-vic-seaford-148516396
Seaford,"5 Rossiter Court, Seaford, Vic 3198",House,3,1,3,758,2025-08-04,"$780,000.00 ",https://www.realestate.com.au/sold/property-house-vic-seaford-148574788
Seaford,"18 Holroyd Street, Seaford, Vic 3198",House,3,1,2,677,2025-07-26,"$760,000.00 ",https://www.realestate.com.au/sold/property-house-vic-seaford-148457836
Seaford,"49 Maple Street, Seaford, Vic 3198",House,3,1,3,553,2025-07-21,"$873,000.00 ",https://www.realestate.com.au/sold/property-house-vic-seaford-148414528
Seaford,"27 Denbigh Road, Seaford, Vic 3198",House,4,2,3,579,2025-07-16,"$1,020,000.00 ",https://www.realestate.com.au/sold/property-house-vic-seaford-148357344
Seaford,"1D Catron Street, Seaford, Vic 3198",House,3,2,2,359,2025-07-16,"$965,000.00 ",https://www.realestate.com.au/sold/property-house-vic-seaford-148405284
Seaford,"66 Centenary Street, Seaford, Vic 3198",House,3,2,1,277,2025-07-15,"$805,000.00 ",https://www.realestate.com.au/sold/property-house-vic-seaford-148312024
Seaford,"185 Austin Road, Seaford, Vic 3198",House,3,1,0,2207,2025-06-17,"$1,600,000.00 ",https://www.realestate.com.au/sold/property-house-vic-seaford-147598232
Seaford,"28 Bayside Grove, Seaford, Vic 3198",House,3,1,2,950,2025-06-17,"$935,000.00 ",https://www.realestate.com.au/sold/property-house-vic-seaford-148255864
Seaford,"6 Bambra Court, Seaford, Vic 3198",House,3,2,2,593,2025-06-14,"$719,000.00 ",https://www.realestate.com.au/sold/property-house-vic-seaford-148255548
Seaford,"153 Nepean Highway, Seaford, Vic 3198",House,3,1,3,639,2025-06-12,"$982,500.00 ",https://www.realestate.com.au/sold/property-house-vic-seaford-148141216
Seaford,"1 Lombard Way, Seaford, Vic 3198",House,3,1,2,534,2025-06-07,"$670,000.00 ",https://www.realestate.com.au/sold/property-house-vic-seaford-148017612
Seaford,"15 Barry Street, Seaford, Vic 3198",House,3,2,2,600,2025-06-06,"$780,000.00 ",https://www.realestate.com.au/sold/property-house-vic-seaford-148003008
Seaford,"11 Neville Avenue, Seaford, Vic 3198",House,3,1,2,568,2025-06-05,"$736,000.00 ",https://www.realestate.com.au/sold/property-house-vic-seaford-148132936
Seaford,"37 Seaford Road, Seaford, Vic 3198",House,2,1,2,347,2025-06-03,"$745,000.00 ",https://www.realestate.com.au/sold/property-house-vic-seaford-147926020
Seaford,"30 Hallifax Street, Seaford, Vic 3198",House,3,1,2,604,2025-05-31,"$974,000.00 ",https://www.realestate.com.au/sold/property-house-vic-seaford-148026804
Seaford,"32 Maple Street, Seaford, Vic 3198",House,3,1,2,613,2025-05-31,"$875,000.00 ",https://www.realestate.com.au/sold/property-house-vic-seaford-148038048
Seaford,"31 Carrington Avenue, Seaford, Vic 3198",House,3,1,2,627,2025-05-31,"$725,000.00 ",https://www.realestate.com.au/sold/property-house-vic-seaford-147961968
Seaford,"163 Austin Road, Seaford, Vic 3198",House,4,3,1,532,2025-05-28,"$920,000.00 ",https://www.realestate.com.au/sold/property-house-vic-seaford-147946596
Seaford,"2a Mountain View Crescent, Seaford, Vic 3198",House,3,2,2,536,2025-05-25,"$880,000.00 ",https://www.realestate.com.au/sold/property-house-vic-seaford-147806300
Seaford,"13 Charles Street, Seaford, Vic 3198",House,3,1,2,664,2025-05-24,"$905,000.00 ",https://www.realestate.com.au/sold/property-house-vic-seaford-147912756
Seaford,"36 Carrington Court, Seaford, Vic 3198",House,4,1,2,581,2025-05-24,"$745,000.00 ",https://www.realestate.com.au/sold/property-house-vic-seaford-147903720
Seaford,"10 Hannah Street, Seaford, Vic 3198",House,3,1,5,684,2025-05-19,"$811,000.00 ",https://www.realestate.com.au/sold/property-house-vic-seaford-147989664
Seaford,"6 Slater Court, Seaford, Vic 3198",House,4,1,2,630,2025-05-16,"$905,000.00 ",https://www.realestate.com.au/sold/property-house-vic-seaford-147780276
Seaford,"172B Fortescue Avenue, Seaford, Vic 3198",House,4,2,2,470,2025-05-15,"$975,000.00 ",https://www.realestate.com.au/sold/property-house-vic-seaford-147908552
Seaford,"3 Pimpala Avenue, Seaford, Vic 3198",House,4,1,1,533,2025-05-15,"$775,000.00 ",https://www.realestate.com.au/sold/property-house-vic-seaford-147796036
Seaford,"3 Keerok Avenue, Seaford, Vic 3198",House,3,1,1,628,2025-05-15,"$740,000.00 ",https://www.realestate.com.au/sold/property-house-vic-seaford-148085660
Burwood,"35 Wonga Street, Burwood, Vic 3125",House,5,2,2,649,2025-09-20,"$2,035,000.00 ",https://www.realestate.com.au/sold/property-house-vic-burwood-147534620
Burwood,"6 Arthur Street, Burwood, Vic 3125",House,4,2,2,552,2025-09-18,"$2,150,000.00 ",https://www.realestate.com.au/sold/property-house-vic-burwood-147533624
Burwood,"13 Ralph Street, Burwood, Vic 3125",House,4,1,2,752,2025-09-20,"$1,410,000.00 ",https://www.realestate.com.au/sold/property-house-vic-burwood-147532024
Burwood,"4 Duffy Street, Burwood, Vic 3125",House,4,2,2,689,2025-07-06,"$2,110,000.00 ",https://www.realestate.com.au/sold/property-house-vic-burwood-147766604
Burwood,"23 Parer Street, Burwood, Vic 3125",House,3,1,2,697,2025-05-17,"$1,530,000.00 ",https://www.realestate.com.au/sold/property-house-vic-burwood-147807248
Burwood,"64 Burwood Highway, Burwood, Vic 3125",House,7,2,6,804,2025-05-23,"$2,850,000.00 ",https://www.realestate.com.au/sold/property-house-vic-burwood-147484316
Burwood,"40 Andrews Street, Burwood, Vic 3125",House,4,2,4,860,2025-05-28,"$1,993,500.00 ",https://www.realestate.com.au/sold/property-house-vic-burwood-147947724
Burwood,"2 Webb Street, Burwood, Vic 3125",House,3,1,2,739,2025-05-31,"$1,425,000.00 ",https://www.realestate.com.au/sold/property-house-vic-burwood-147957612
Burwood,"38 Uganda Street, Burwood, Vic 3125",House,4,2,2,568,2025-05-31,"$2,365,000.00 ",https://www.realestate.com.au/sold/property-house-vic-burwood-147941580
Burwood,"23 Iris Street, Burwood, Vic 3125",House,4,3,2,673,2025-06-07,"$1,700,000.00 ",https://www.realestate.com.au/sold/property-house-vic-burwood-147997964
Burwood,"30 Leopold Street, Burwood, Vic 3125",House,4,2,2,836,2025-06-19,"$1,775,000.00 ",https://www.realestate.com.au/sold/property-house-vic-burwood-148185328
Burwood,"18 Spence Street, Burwood, Vic 3125",House,5,3,2,700,2025-07-12,"$1,653,000.00 ",https://www.realestate.com.au/sold/property-house-vic-burwood-148236948
Burwood,"13 Finch Street, Burwood, Vic 3125",House,3,1,1,664,2025-07-19,"$1,512,500.00 ",https://www.realestate.com.au/sold/property-house-vic-burwood-148290852
Burwood,"27 Edwards Street, Burwood, Vic 3125",House,4,2,2,1112,2025-07-26,"$2,115,000.00 ",https://www.realestate.com.au/sold/property-house-vic-burwood-148395884
Burwood,"8 Fletcher Parade, Burwood, Vic 3125",House,4,3,1,588,2025-08-02,"$1,415,000.00 ",https://www.realestate.com.au/sold/property-house-vic-burwood-147597080
Burwood,"5/45-47 Greenwood Street, Burwood, Vic 3125",House,4,2,2,312,2025-08-16,"$1,255,000.00 ",https://www.realestate.com.au/sold/property-house-vic-burwood-148564792
Burwood,"9 Sparks Avenue, Burwood, Vic 3125",House,5,2,2,558,2025-08-16,"$1,350,000.00 ",https://www.realestate.com.au/sold/property-house-vic-burwood-148573776
Burwood,"16 Wattlebird Court, Burwood, Vic 3125",House,5,2,2,483,2025-08-23,"$2,288,000.00 ",https://www.realestate.com.au/sold/property-house-vic-burwood-148616072
Burwood,"12 Andrews Street, Burwood, Vic 3125",House,5,2,2,682,2025-09-03,"$1,400,000.00 ",https://www.realestate.com.au/sold/property-house-vic-burwood-148683668
Burwood,"14 Puerta Street, Burwood, Vic 3125",House,4,1,3,657,2025-09-11,"$1,500,000.00 ",https://www.realestate.com.au/sold/property-house-vic-burwood-148736712
Burwood,"26 Loudon Road, Burwood, Vic 3125",House,3,2,2,651,2025-09-13,"$1,625,000.00 ",https://www.realestate.com.au/sold/property-house-vic-burwood-148749480
Burwood,"1 Maiden Court, Burwood, Vic 3125",House,5,2,2,663,2025-09-13,"$1,692,000.00 ",https://www.realestate.com.au/sold/property-house-vic-burwood-148841512
Burwood,"14 Sanglen Terrace, Burwood, Vic 3125",House,6,4,6,866,2025-09-17,"$2,420,000.00 ",https://www.realestate.com.au/sold/property-house-vic-burwood-148755616
Burwood,"77/390 Burwood Highway, Burwood, Vic 3125",House,3,2,2,170,2025-09-20,"$990,000.00 ",https://www.realestate.com.au/sold/property-house-vic-burwood-148772376
Burwood,"195 Highbury Road, Burwood, Vic 3125",House,3,3,2,1032,2025-02-24,"$2,005,000.00 ",https://www.realestate.com.au/sold/property-house-vic-burwood-145702452
Burwood,"14 The Ridge, Burwood, Vic 3125",House,5,3,2,560,2025-02-22,"$1,652,000.00 ",https://www.realestate.com.au/sold/property-house-vic-burwood-145593284
Burwood,"1 Maiden Court, Burwood, Vic 3125",House,5,2,2,601,2025-02-15,"$1,692,000.00 ",https://www.realestate.com.au/sold/property-house-vic-burwood-145690956
Burwood,"67C Summerhill Road, Glen Iris, Vic 3146",House,4,3,2,655,2025-02-22,"$1,880,000.00 ",https://www.realestate.com.au/sold/property-house-vic-burwood-144717208
Burwood,"47 Brockhoff Drive, Burwood, Vic 3125",House,4,2,2,550,2025-02-15,"$1,670,000.00 ",https://www.realestate.com.au/sold/property-house-vic-burwood-146986164
Burwood,"14 The Ridge, Burwood, Vic 3125",House,5,3,2,560,2025-02-22,"$1,652,000.00 ",https://www.realestate.com.au/sold/property-house-vic-burwood-147040824
Burwood,"2 Acacia Place, Burwood, Vic 3125",House,3,2,2,416,2025-02-10,"$1,750,000.00 ",https://www.realestate.com.au/sold/property-house-vic-burwood-146310788
Burwood,"19 Bronte Avenue, Burwood, Vic 3125",House,1,1,0,770,2025-02-08,"$1,341,000.00 ",https://www.realestate.com.au/sold/property-house-vic-burwood-146959184
Burwood,"19 College Way, Burwood, Vic 3125",House,3,2,2,300,2025-01-30,"$1,092,500.00 ",https://www.realestate.com.au/sold/property-house-vic-burwood-146114528
Burwood,"78 Parer Street, Burwood, Vic 3125",House,3,1,2,364,2025-01-07,"$1,070,000.00 ",https://www.realestate.com.au/sold/property-house-vic-burwood-146792316
Burwood,"9 Iris Street, Burwood, Vic 3125",House,3,1,2,665.6,2024-12-17,"$1,580,000.00 ",https://www.realestate.com.au/sold/property-house-vic-burwood-146697480
Burwood,"50 Finch Street, Burwood, Vic 3125",House,3,1,3,590,2024-12-16,"$1,155,000.00 ",https://www.realestate.com.au/sold/property-house-vic-burwood-146442916
Burwood,"64 Eley Road, Burwood, Vic 3125",House,4,1,1,603,2024-11-23,"$1,236,000.00 ",https://www.realestate.com.au/sold/property-house-vic-burwood-146443056
Burwood,"11 Rees Street, Burwood, Vic 3125",House,4,2,2,590,2024-11-16,"$1,390,000.00 ",https://www.realestate.com.au/sold/property-house-vic-burwood-146311140
Burwood,"126 Highbury Road, Burwood, Vic 3125",House,3,1,4,489,2024-11-09,"$1,100,000.00 ",https://www.realestate.com.au/sold/property-house-vic-burwood-146303884
Burwood,"31 Patterson Avenue, Burwood, Vic 3125",House,4,2,3,777,2024-10-26,"$2,232,500.00 ",https://www.realestate.com.au/sold/property-house-vic-burwood-146164020
Burwood,"14 Kilsyth Avenue, Burwood, Vic 3125",House,3,1,2,609,2024-10-26,"$1,280,000.00 ",https://www.realestate.com.au/sold/property-house-vic-burwood-146050884
Burwood,"26 Cypress Avenue, Burwood, Vic 3125",House,4,2,2,568,2024-10-16,"$1,280,000.00 ",https://www.realestate.com.au/sold/property-house-vic-burwood-146063796
Burwood,"41 Brockhoff Drive, Burwood, Vic 3125",House,4,2,2,572,2024-10-15,"$1,615,000.00 ",https://www.realestate.com.au/sold/property-house-vic-burwood-145788408
Burwood,"74 Eley Road, Burwood, Vic 3125",House,4,2,4,922,2024-10-05,"$1,653,000.00 ",https://www.realestate.com.au/sold/property-house-vic-burwood-145976420
Burwood,"5 Burn Nar Look Drive, Burwood, Vic 3125",House,4,2,2,224,2024-10-05,"$1,203,000.00 ",https://www.realestate.com.au/sold/property-house-vic-burwood-145947572
Burwood,"14 Sparks Avenue, Burwood, Vic 3125",House,4,2,4,602,2024-09-14,"$1,390,000.00 ",https://www.realestate.com.au/sold/property-house-vic-burwood-145786172
Burwood,"3/79 Middleborough Road, Burwood, Vic 3125",Townhouse,3,2,3,278,2024-09-07,"$1,005,000.00 ",https://www.realestate.com.au/sold/property-townhouse-vic-burwood-145789000
Burwood,"7/17-19 Renown Street, Burwood, Vic 3125",Townhouse,3,2,2,193,2024-10-31,"$955,000.00 ",https://www.realestate.com.au/sold/property-townhouse-vic-burwood-145955524
Burwood,"1C Hughes Street, Burwood, Vic 3125",Townhouse,4,3,2,262,2024-11-15,"$1,308,000.00 ",https://www.realestate.com.au/sold/property-townhouse-vic-burwood-146337944
Burwood,"2/7 Church Street, Burwood, Vic 3125",Townhouse,3,2,2,303,2024-11-23,"$1,100,000.00 ",https://www.realestate.com.au/sold/property-townhouse-vic-burwood-146459724
Burwood,"1/62 Roslyn Street, Burwood, Vic 3125",Townhouse,4,3,2,301,2024-11-23,"$1,560,000.00 ",https://www.realestate.com.au/sold/property-townhouse-vic-burwood-146466268
Burwood,"8 Christina Street, Burwood, Vic 3125",Townhouse,4,4,2,340,2024-12-14,"$1,700,000.00 ",https://www.realestate.com.au/sold/property-townhouse-vic-burwood-146642964
Burwood,"3/55 Andrews Street, Burwood, Vic 3125",Townhouse,4,3,2,226,2025-02-24,"$1,400,000.00 ",https://www.realestate.com.au/sold/property-townhouse-vic-burwood-147018356
Burwood,"4/53 Elgar Road, Burwood, Vic 3125",Townhouse,3,2,2,269,2025-03-01,"$890,000.00 ",https://www.realestate.com.au/sold/property-townhouse-vic-burwood-147148944
Burwood,"2/6 Fletcher Parade, Burwood, Vic 3125",Townhouse,3,2,2,101,2025-03-01,"$966,000.00 ",https://www.realestate.com.au/sold/property-townhouse-vic-burwood-147132676
Burwood,"1/47 Station Street, Burwood, Vic 3125",Townhouse,4,2,2,281,2025-03-22,"$1,111,000.00 ",https://www.realestate.com.au/sold/property-townhouse-vic-burwood-147348248
Burwood,"5/25-29 Roslyn Street, Burwood, Vic 3125",Townhouse,2,1,2,98,2025-04-05,"$730,000.00 ",https://www.realestate.com.au/sold/property-townhouse-vic-burwood-147499312
Burwood,"3/17 Sunhill Avenue, Burwood, Vic 3125",Townhouse,4,2,2,252,2025-06-28,"$1,181,000.00 ",https://www.realestate.com.au/sold/property-townhouse-vic-burwood-148174052
Burwood,"2/55 Andrews Street, Burwood, Vic 3125",Townhouse,4,2,2,226,2025-07-04,"$1,250,000.00 ",https://www.realestate.com.au/sold/property-townhouse-vic-burwood-148233352
Burwood,"23B Montpellier Road, Burwood, Vic 3125",Townhouse,4,3,3,327,2025-08-09,"$1,530,500.00 ",https://www.realestate.com.au/sold/property-townhouse-vic-burwood-148515656
Burwood,"3/2 Alder Street, Burwood, Vic 3125",Townhouse,3,2,2,207,2025-08-30,"$1,192,000.00 ",https://www.realestate.com.au/sold/property-townhouse-vic-burwood-148654292
